Model,R² Score,MAE
Linear Regression,0.0790730444612423,7146.170154519632
Random Forest,0.3877864550172193,4242.854545454546
